[{"category":"tea","price":50,"count":12,"name":"Teavana® Peach Tranquility® Full-Leaf Sachets","brand":"tazo","type":"ice tea","tea_form":"K-Cup Pods"},{"category":"tea","price":8.55,"count":12,"name":"Teavana® Oprah Cinnamon Chai Full-Leaf Sachets","brand":"teavana","type":"black tea","tea_form":"tea bags"},{"category":"tea","price":30,"count":100,"name":"Teavana® Youthberry® Full-Leaf Sachets","brand":"tazo","type":"chai tea","tea_form":"tea bags"},{"category":"tea","price":50,"count":12,"name":"Teavana® Emperor's Clouds &amp; Mist® Full-Leaf Sachets","brand":"teavana","type":"green tea","tea_form":"K-Cup Pods"},{"category":"tea","price":50,"count":12,"name":"Teavana® Mint Majesty™ Full-Leaf Sachets","brand":"tazo","type":"ice tea","tea_form":"K-Cup Pods"},{"category":"tea","price":50,"count":12,"name":"Teavana® Jade Citrus Mint™ Full-Leaf Sachets","brand":"tazo","type":"ice tea","tea_form":"K-Cup Pods"},{"category":"tea","price":8.55,"count":12,"name":"Teavana® Royal English Breakfast Full-Leaf Sachets","brand":"teavana","type":"black tea","tea_form":"tea bags"},{"category":"tea","price":30,"count":100,"name":"Tazo® Chai Tea Latte Concentrate","brand":"tazo","type":"chai tea","tea_form":"tea bags"},{"category":"tea","price":50,"count":12,"name":"Tazo® Zen™ Iced Green Filterbag Tea, 24 count","brand":"teavana","type":"green tea","tea_form":"K-Cup Pods"},{"category":"tea","price":50,"count":12,"name":"Tazo® Iced Black Filterbag Tea, 20 count","brand":"tazo","type":"ice tea","tea_form":"K-Cup Pods"},{"category":"tea","price":50,"count":12,"name":"Tazo® Tropic Black Iced Tea Bag, 24 count","brand":"tazo","type":"ice tea","tea_form":"K-Cup Pods"},{"category":"tea","price":8.55,"count":12,"name":"Tazo® Iced Passion® Filterbag Tea, 6 count","brand":"teavana","type":"black tea","tea_form":"tea bags"}]