[{"category":"drinkware","price":15.95,"name":"Spring Garden Traveler, 12 fl oz"},{"category":"drinkware","price":18.55,"name":"Stainless Steel Bouquet Tumbler, 16 fl oz"},{"category":"drinkware","price":15.95,"name":"Cold Cup Tumbler - Aqua, 24 fl oz"},{"category":"drinkware","price":18.55,"name":"Pink Floral Cold Cup, 16 fl oz"},{"category":"drinkware","price":15.95,"name":"Ceramic Garden Party Traveler, 8 fl oz"},{"category":"drinkware","price":18.55,"name":"Floral Mug - Blue, 16 fl oz"},{"category":"drinkware","price":15.95,"name":"Floral Mug - Mint, 16 fl oz"},{"category":"drinkware","price":18.55,"name":"Double Wall Ceramic Globe Traveler - 12 fl oz"},{"category":"drinkware","price":15.95,"name":"S'well® Water Bottle - Sweet Mint Glitter, 17 fl oz"},{"category":"drinkware","price":18.55,"name":"S'well® Water Bottle - Pink Sands Satin, 17 fl oz"},{"category":"drinkware","price":15.95,"name":"Pink Bouquet Ceramic Traveler adorned with Swarovski® crystals , 12 fl oz"},{"category":"drinkware","price":18.55,"name":"Spring Showers Mug, 12 fl oz"}]